Major Category,Subcategory,Keyword,Prompt-Ready Phrase,Tags
Neutrals,White / Black / Gray / Brown,pure white,pure white tone with clearly readable neutral color identity,neutral base classic
Neutrals,White / Black / Gray / Brown,bright white,bright white tone with clearly readable neutral color identity,neutral base classic
Neutrals,White / Black / Gray / Brown,soft white,soft white tone with clearly readable neutral color identity,neutral base classic
Neutrals,White / Black / Gray / Brown,ivory,ivory tone with clearly readable neutral color identity,neutral base classic
Neutrals,White / Black / Gray / Brown,cream,cream tone with clearly readable neutral color identity,neutral base classic
Neutrals,White / Black / Gray / Brown,eggshell,eggshell tone with clearly readable neutral color identity,neutral base classic
Neutrals,White / Black / Gray / Brown,bone,bone tone with clearly readable neutral color identity,neutral base classic
Neutrals,White / Black / Gray / Brown,linen,linen tone with clearly readable neutral color identity,neutral base classic
Neutrals,White / Black / Gray / Brown,oat,oat tone with clearly readable neutral color identity,neutral base classic
Neutrals,White / Black / Gray / Brown,oyster white,oyster white tone with clearly readable neutral color identity,neutral base classic
Neutrals,White / Black / Gray / Brown,off-white,off-white tone with clearly readable neutral color identity,neutral base classic
Neutrals,White / Black / Gray / Brown,chalk white,chalk white tone with clearly readable neutral color identity,neutral base classic
Neutrals,White / Black / Gray / Brown,winter white,winter white tone with clearly readable neutral color identity,neutral base classic
Neutrals,White / Black / Gray / Brown,antique white,antique white tone with clearly readable neutral color identity,neutral base classic
Neutrals,White / Black / Gray / Brown,vanilla,vanilla tone with clearly readable neutral color identity,neutral base classic
Neutrals,White / Black / Gray / Brown,alabaster,alabaster tone with clearly readable neutral color identity,neutral base classic
Neutrals,White / Black / Gray / Brown,jet black,jet black tone with clearly readable neutral color identity,neutral base classic
Neutrals,White / Black / Gray / Brown,true black,true black tone with clearly readable neutral color identity,neutral base classic
Neutrals,White / Black / Gray / Brown,soft black,soft black tone with clearly readable neutral color identity,neutral base classic
Neutrals,White / Black / Gray / Brown,ink black,ink black tone with clearly readable neutral color identity,neutral base classic
Neutrals,White / Black / Gray / Brown,onyx,onyx tone with clearly readable neutral color identity,neutral base classic
Neutrals,White / Black / Gray / Brown,charcoal black,charcoal black tone with clearly readable neutral color identity,neutral base classic
Neutrals,White / Black / Gray / Brown,coal,coal tone with clearly readable neutral color identity,neutral base classic
Neutrals,White / Black / Gray / Brown,ebony,ebony tone with clearly readable neutral color identity,neutral base classic
Neutrals,White / Black / Gray / Brown,raven black,raven black tone with clearly readable neutral color identity,neutral base classic
Neutrals,White / Black / Gray / Brown,graphite,graphite tone with clearly readable neutral color identity,neutral base classic
Neutrals,White / Black / Gray / Brown,slate gray,slate gray tone with clearly readable neutral color identity,neutral base classic
Neutrals,White / Black / Gray / Brown,cool gray,cool gray tone with clearly readable neutral color identity,neutral base classic
Neutrals,White / Black / Gray / Brown,neutral gray,neutral gray tone with clearly readable neutral color identity,neutral base classic
Neutrals,White / Black / Gray / Brown,warm gray,warm gray tone with clearly readable neutral color identity,neutral base classic
Neutrals,White / Black / Gray / Brown,ash gray,ash gray tone with clearly readable neutral color identity,neutral base classic
Neutrals,White / Black / Gray / Brown,smoke gray,smoke gray tone with clearly readable neutral color identity,neutral base classic
Neutrals,White / Black / Gray / Brown,silver gray,silver gray tone with clearly readable neutral color identity,neutral base classic
Neutrals,White / Black / Gray / Brown,pewter,pewter tone with clearly readable neutral color identity,neutral base classic
Neutrals,White / Black / Gray / Brown,stone gray,stone gray tone with clearly readable neutral color identity,neutral base classic
Neutrals,White / Black / Gray / Brown,dove gray,dove gray tone with clearly readable neutral color identity,neutral base classic
Neutrals,White / Black / Gray / Brown,cloud gray,cloud gray tone with clearly readable neutral color identity,neutral base classic
Neutrals,White / Black / Gray / Brown,heather gray,heather gray tone with clearly readable neutral color identity,neutral base classic
Neutrals,White / Black / Gray / Brown,steel gray,steel gray tone with clearly readable neutral color identity,neutral base classic
Neutrals,White / Black / Gray / Brown,gunmetal,gunmetal tone with clearly readable neutral color identity,neutral base classic
Neutrals,White / Black / Gray / Brown,charcoal gray,charcoal gray tone with clearly readable neutral color identity,neutral base classic
Neutrals,White / Black / Gray / Brown,taupe,taupe tone with clearly readable neutral color identity,neutral base classic
Neutrals,White / Black / Gray / Brown,greige,greige tone with clearly readable neutral color identity,neutral base classic
Neutrals,White / Black / Gray / Brown,mushroom,mushroom tone with clearly readable neutral color identity,neutral base classic
Neutrals,White / Black / Gray / Brown,putty,putty tone with clearly readable neutral color identity,neutral base classic
Neutrals,White / Black / Gray / Brown,sand,sand tone with clearly readable neutral color identity,neutral base classic
Neutrals,White / Black / Gray / Brown,beige,beige tone with clearly readable neutral color identity,neutral base classic
Neutrals,White / Black / Gray / Brown,camel,camel tone with clearly readable neutral color identity,neutral base classic
Neutrals,White / Black / Gray / Brown,khaki,khaki tone with clearly readable neutral color identity,neutral base classic
Neutrals,White / Black / Gray / Brown,tan,tan tone with clearly readable neutral color identity,neutral base classic
Neutrals,White / Black / Gray / Brown,latte,latte tone with clearly readable neutral color identity,neutral base classic
Neutrals,White / Black / Gray / Brown,mocha,mocha tone with clearly readable neutral color identity,neutral base classic
Neutrals,White / Black / Gray / Brown,espresso,espresso tone with clearly readable neutral color identity,neutral base classic
Neutrals,White / Black / Gray / Brown,chocolate brown,chocolate brown tone with clearly readable neutral color identity,neutral base classic
Neutrals,White / Black / Gray / Brown,coffee brown,coffee brown tone with clearly readable neutral color identity,neutral base classic
Neutrals,White / Black / Gray / Brown,walnut,walnut tone with clearly readable neutral color identity,neutral base classic
Neutrals,White / Black / Gray / Brown,mahogany brown,mahogany brown tone with clearly readable neutral color identity,neutral base classic
Neutrals,White / Black / Gray / Brown,chestnut,chestnut tone with clearly readable neutral color identity,neutral base classic
Neutrals,White / Black / Gray / Brown,umber,umber tone with clearly readable neutral color identity,neutral base classic
Neutrals,White / Black / Gray / Brown,sienna,sienna tone with clearly readable neutral color identity,neutral base classic
Neutrals,White / Black / Gray / Brown,cocoa,cocoa tone with clearly readable neutral color identity,neutral base classic
Neutrals,White / Black / Gray / Brown,bronze brown,bronze brown tone with clearly readable neutral color identity,neutral base classic
Reds,Red Family,true red,true red coloration with distinct red-family hue,red warm vivid deep muted
Reds,Red Family,primary red,primary red coloration with distinct red-family hue,red warm vivid deep muted
Reds,Red Family,scarlet,scarlet coloration with distinct red-family hue,red warm vivid deep muted
Reds,Red Family,crimson,crimson coloration with distinct red-family hue,red warm vivid deep muted
Reds,Red Family,ruby red,ruby red coloration with distinct red-family hue,red warm vivid deep muted
Reds,Red Family,cherry red,cherry red coloration with distinct red-family hue,red warm vivid deep muted
Reds,Red Family,apple red,apple red coloration with distinct red-family hue,red warm vivid deep muted
Reds,Red Family,candy apple red,candy apple red coloration with distinct red-family hue,red warm vivid deep muted
Reds,Red Family,rose red,rose red coloration with distinct red-family hue,red warm vivid deep muted
Reds,Red Family,brick red,brick red coloration with distinct red-family hue,red warm vivid deep muted
Reds,Red Family,rust red,rust red coloration with distinct red-family hue,red warm vivid deep muted
Reds,Red Family,burnt red,burnt red coloration with distinct red-family hue,red warm vivid deep muted
Reds,Red Family,oxblood,oxblood coloration with distinct red-family hue,red warm vivid deep muted
Reds,Red Family,burgundy,burgundy coloration with distinct red-family hue,red warm vivid deep muted
Reds,Red Family,wine red,wine red coloration with distinct red-family hue,red warm vivid deep muted
Reds,Red Family,merlot,merlot coloration with distinct red-family hue,red warm vivid deep muted
Reds,Red Family,maroon,maroon coloration with distinct red-family hue,red warm vivid deep muted
Reds,Red Family,garnet,garnet coloration with distinct red-family hue,red warm vivid deep muted
Reds,Red Family,cardinal red,cardinal red coloration with distinct red-family hue,red warm vivid deep muted
Reds,Red Family,tomato red,tomato red coloration with distinct red-family hue,red warm vivid deep muted
Reds,Red Family,vermilion,vermilion coloration with distinct red-family hue,red warm vivid deep muted
Reds,Red Family,fire-engine red,fire-engine red coloration with distinct red-family hue,red warm vivid deep muted
Reds,Red Family,blood red,blood red coloration with distinct red-family hue,red warm vivid deep muted
Reds,Red Family,currant red,currant red coloration with distinct red-family hue,red warm vivid deep muted
Reds,Red Family,deep red,deep red coloration with distinct red-family hue,red warm vivid deep muted
Reds,Red Family,dusty red,dusty red coloration with distinct red-family hue,red warm vivid deep muted
Reds,Red Family,muted red,muted red coloration with distinct red-family hue,red warm vivid deep muted
Reds,Red Family,soft red,soft red coloration with distinct red-family hue,red warm vivid deep muted
Orange / Coral / Peach,Orange Family,true orange,"true orange coloration with a recognizable orange, coral, or peach hue",orange coral peach warm
Orange / Coral / Peach,Orange Family,tangerine,"tangerine coloration with a recognizable orange, coral, or peach hue",orange coral peach warm
Orange / Coral / Peach,Orange Family,mandarin,"mandarin coloration with a recognizable orange, coral, or peach hue",orange coral peach warm
Orange / Coral / Peach,Orange Family,clementine,"clementine coloration with a recognizable orange, coral, or peach hue",orange coral peach warm
Orange / Coral / Peach,Orange Family,burnt orange,"burnt orange coloration with a recognizable orange, coral, or peach hue",orange coral peach warm
Orange / Coral / Peach,Orange Family,pumpkin orange,"pumpkin orange coloration with a recognizable orange, coral, or peach hue",orange coral peach warm
Orange / Coral / Peach,Orange Family,spice orange,"spice orange coloration with a recognizable orange, coral, or peach hue",orange coral peach warm
Orange / Coral / Peach,Orange Family,amber orange,"amber orange coloration with a recognizable orange, coral, or peach hue",orange coral peach warm
Orange / Coral / Peach,Orange Family,apricot,"apricot coloration with a recognizable orange, coral, or peach hue",orange coral peach warm
Orange / Coral / Peach,Orange Family,peach,"peach coloration with a recognizable orange, coral, or peach hue",orange coral peach warm
Orange / Coral / Peach,Orange Family,soft peach,"soft peach coloration with a recognizable orange, coral, or peach hue",orange coral peach warm
Orange / Coral / Peach,Orange Family,blush peach,"blush peach coloration with a recognizable orange, coral, or peach hue",orange coral peach warm
Orange / Coral / Peach,Orange Family,melon,"melon coloration with a recognizable orange, coral, or peach hue",orange coral peach warm
Orange / Coral / Peach,Orange Family,coral,"coral coloration with a recognizable orange, coral, or peach hue",orange coral peach warm
Orange / Coral / Peach,Orange Family,soft coral,"soft coral coloration with a recognizable orange, coral, or peach hue",orange coral peach warm
Orange / Coral / Peach,Orange Family,living coral,"living coral coloration with a recognizable orange, coral, or peach hue",orange coral peach warm
Orange / Coral / Peach,Orange Family,salmon,"salmon coloration with a recognizable orange, coral, or peach hue",orange coral peach warm
Orange / Coral / Peach,Orange Family,papaya,"papaya coloration with a recognizable orange, coral, or peach hue",orange coral peach warm
Orange / Coral / Peach,Orange Family,terracotta,"terracotta coloration with a recognizable orange, coral, or peach hue",orange coral peach warm
Orange / Coral / Peach,Orange Family,copper orange,"copper orange coloration with a recognizable orange, coral, or peach hue",orange coral peach warm
Orange / Coral / Peach,Orange Family,sunset orange,"sunset orange coloration with a recognizable orange, coral, or peach hue",orange coral peach warm
Orange / Coral / Peach,Orange Family,persimmon,"persimmon coloration with a recognizable orange, coral, or peach hue",orange coral peach warm
Orange / Coral / Peach,Orange Family,cantaloupe,"cantaloupe coloration with a recognizable orange, coral, or peach hue",orange coral peach warm
Orange / Coral / Peach,Orange Family,neon orange,"neon orange coloration with a recognizable orange, coral, or peach hue",orange coral peach warm
Orange / Coral / Peach,Orange Family,sherbet orange,"sherbet orange coloration with a recognizable orange, coral, or peach hue",orange coral peach warm
Yellow / Gold,Yellow Family,true yellow,true yellow coloration with a clear yellow-to-gold hue identity,yellow gold bright pastel neon
Yellow / Gold,Yellow Family,primary yellow,primary yellow coloration with a clear yellow-to-gold hue identity,yellow gold bright pastel neon
Yellow / Gold,Yellow Family,lemon yellow,lemon yellow coloration with a clear yellow-to-gold hue identity,yellow gold bright pastel neon
Yellow / Gold,Yellow Family,butter yellow,butter yellow coloration with a clear yellow-to-gold hue identity,yellow gold bright pastel neon
Yellow / Gold,Yellow Family,canary yellow,canary yellow coloration with a clear yellow-to-gold hue identity,yellow gold bright pastel neon
Yellow / Gold,Yellow Family,banana yellow,banana yellow coloration with a clear yellow-to-gold hue identity,yellow gold bright pastel neon
Yellow / Gold,Yellow Family,daffodil yellow,daffodil yellow coloration with a clear yellow-to-gold hue identity,yellow gold bright pastel neon
Yellow / Gold,Yellow Family,sunflower yellow,sunflower yellow coloration with a clear yellow-to-gold hue identity,yellow gold bright pastel neon
Yellow / Gold,Yellow Family,mustard yellow,mustard yellow coloration with a clear yellow-to-gold hue identity,yellow gold bright pastel neon
Yellow / Gold,Yellow Family,golden yellow,golden yellow coloration with a clear yellow-to-gold hue identity,yellow gold bright pastel neon
Yellow / Gold,Yellow Family,amber yellow,amber yellow coloration with a clear yellow-to-gold hue identity,yellow gold bright pastel neon
Yellow / Gold,Yellow Family,honey yellow,honey yellow coloration with a clear yellow-to-gold hue identity,yellow gold bright pastel neon
Yellow / Gold,Yellow Family,maize,maize coloration with a clear yellow-to-gold hue identity,yellow gold bright pastel neon
Yellow / Gold,Yellow Family,cornsilk,cornsilk coloration with a clear yellow-to-gold hue identity,yellow gold bright pastel neon
Yellow / Gold,Yellow Family,pale yellow,pale yellow coloration with a clear yellow-to-gold hue identity,yellow gold bright pastel neon
Yellow / Gold,Yellow Family,pastel yellow,pastel yellow coloration with a clear yellow-to-gold hue identity,yellow gold bright pastel neon
Yellow / Gold,Yellow Family,chartreuse yellow,chartreuse yellow coloration with a clear yellow-to-gold hue identity,yellow gold bright pastel neon
Yellow / Gold,Yellow Family,acid yellow,acid yellow coloration with a clear yellow-to-gold hue identity,yellow gold bright pastel neon
Yellow / Gold,Yellow Family,neon yellow,neon yellow coloration with a clear yellow-to-gold hue identity,yellow gold bright pastel neon
Yellow / Gold,Yellow Family,highlighter yellow,highlighter yellow coloration with a clear yellow-to-gold hue identity,yellow gold bright pastel neon
Yellow / Gold,Yellow Family,saffron,saffron coloration with a clear yellow-to-gold hue identity,yellow gold bright pastel neon
Yellow / Gold,Yellow Family,marigold,marigold coloration with a clear yellow-to-gold hue identity,yellow gold bright pastel neon
Yellow / Gold,Yellow Family,gold,gold coloration with a clear yellow-to-gold hue identity,yellow gold bright pastel neon
Yellow / Gold,Yellow Family,old gold,old gold coloration with a clear yellow-to-gold hue identity,yellow gold bright pastel neon
Greens,Green Family,true green,true green coloration with a distinct green-family hue,green cool earthy vivid muted
Greens,Green Family,emerald green,emerald green coloration with a distinct green-family hue,green cool earthy vivid muted
Greens,Green Family,forest green,forest green coloration with a distinct green-family hue,green cool earthy vivid muted
Greens,Green Family,hunter green,hunter green coloration with a distinct green-family hue,green cool earthy vivid muted
Greens,Green Family,pine green,pine green coloration with a distinct green-family hue,green cool earthy vivid muted
Greens,Green Family,moss green,moss green coloration with a distinct green-family hue,green cool earthy vivid muted
Greens,Green Family,olive green,olive green coloration with a distinct green-family hue,green cool earthy vivid muted
Greens,Green Family,sage green,sage green coloration with a distinct green-family hue,green cool earthy vivid muted
Greens,Green Family,eucalyptus,eucalyptus coloration with a distinct green-family hue,green cool earthy vivid muted
Greens,Green Family,mint green,mint green coloration with a distinct green-family hue,green cool earthy vivid muted
Greens,Green Family,spearmint,spearmint coloration with a distinct green-family hue,green cool earthy vivid muted
Greens,Green Family,seafoam green,seafoam green coloration with a distinct green-family hue,green cool earthy vivid muted
Greens,Green Family,lime green,lime green coloration with a distinct green-family hue,green cool earthy vivid muted
Greens,Green Family,chartreuse,chartreuse coloration with a distinct green-family hue,green cool earthy vivid muted
Greens,Green Family,grass green,grass green coloration with a distinct green-family hue,green cool earthy vivid muted
Greens,Green Family,leaf green,leaf green coloration with a distinct green-family hue,green cool earthy vivid muted
Greens,Green Family,fern green,fern green coloration with a distinct green-family hue,green cool earthy vivid muted
Greens,Green Family,jade green,jade green coloration with a distinct green-family hue,green cool earthy vivid muted
Greens,Green Family,malachite green,malachite green coloration with a distinct green-family hue,green cool earthy vivid muted
Greens,Green Family,kelly green,kelly green coloration with a distinct green-family hue,green cool earthy vivid muted
Greens,Green Family,shamrock green,shamrock green coloration with a distinct green-family hue,green cool earthy vivid muted
Greens,Green Family,apple green,apple green coloration with a distinct green-family hue,green cool earthy vivid muted
Greens,Green Family,pistachio,pistachio coloration with a distinct green-family hue,green cool earthy vivid muted
Greens,Green Family,avocado green,avocado green coloration with a distinct green-family hue,green cool earthy vivid muted
Greens,Green Family,basil green,basil green coloration with a distinct green-family hue,green cool earthy vivid muted
Greens,Green Family,army green,army green coloration with a distinct green-family hue,green cool earthy vivid muted
Greens,Green Family,camo green,camo green coloration with a distinct green-family hue,green cool earthy vivid muted
Greens,Green Family,deep green,deep green coloration with a distinct green-family hue,green cool earthy vivid muted
Greens,Green Family,muted green,muted green coloration with a distinct green-family hue,green cool earthy vivid muted
Greens,Green Family,pastel green,pastel green coloration with a distinct green-family hue,green cool earthy vivid muted
Greens,Green Family,neon green,neon green coloration with a distinct green-family hue,green cool earthy vivid muted
Greens,Green Family,electric green,electric green coloration with a distinct green-family hue,green cool earthy vivid muted
Greens,Green Family,teal green,teal green coloration with a distinct green-family hue,green cool earthy vivid muted
Teal / Cyan / Turquoise,Blue-Green Family,teal,teal coloration with a blue-green or cyan-leaning hue,teal turquoise aqua cyan
Teal / Cyan / Turquoise,Blue-Green Family,deep teal,deep teal coloration with a blue-green or cyan-leaning hue,teal turquoise aqua cyan
Teal / Cyan / Turquoise,Blue-Green Family,dark teal,dark teal coloration with a blue-green or cyan-leaning hue,teal turquoise aqua cyan
Teal / Cyan / Turquoise,Blue-Green Family,dusty teal,dusty teal coloration with a blue-green or cyan-leaning hue,teal turquoise aqua cyan
Teal / Cyan / Turquoise,Blue-Green Family,soft teal,soft teal coloration with a blue-green or cyan-leaning hue,teal turquoise aqua cyan
Teal / Cyan / Turquoise,Blue-Green Family,aqua,aqua coloration with a blue-green or cyan-leaning hue,teal turquoise aqua cyan
Teal / Cyan / Turquoise,Blue-Green Family,cyan,cyan coloration with a blue-green or cyan-leaning hue,teal turquoise aqua cyan
Teal / Cyan / Turquoise,Blue-Green Family,turquoise,turquoise coloration with a blue-green or cyan-leaning hue,teal turquoise aqua cyan
Teal / Cyan / Turquoise,Blue-Green Family,light turquoise,light turquoise coloration with a blue-green or cyan-leaning hue,teal turquoise aqua cyan
Teal / Cyan / Turquoise,Blue-Green Family,dark turquoise,dark turquoise coloration with a blue-green or cyan-leaning hue,teal turquoise aqua cyan
Teal / Cyan / Turquoise,Blue-Green Family,caribbean blue,caribbean blue coloration with a blue-green or cyan-leaning hue,teal turquoise aqua cyan
Teal / Cyan / Turquoise,Blue-Green Family,robin's egg blue,robin's egg blue coloration with a blue-green or cyan-leaning hue,teal turquoise aqua cyan
Teal / Cyan / Turquoise,Blue-Green Family,pool blue,pool blue coloration with a blue-green or cyan-leaning hue,teal turquoise aqua cyan
Teal / Cyan / Turquoise,Blue-Green Family,tropical teal,tropical teal coloration with a blue-green or cyan-leaning hue,teal turquoise aqua cyan
Teal / Cyan / Turquoise,Blue-Green Family,lagoon,lagoon coloration with a blue-green or cyan-leaning hue,teal turquoise aqua cyan
Teal / Cyan / Turquoise,Blue-Green Family,sea glass,sea glass coloration with a blue-green or cyan-leaning hue,teal turquoise aqua cyan
Teal / Cyan / Turquoise,Blue-Green Family,blue-green,blue-green coloration with a blue-green or cyan-leaning hue,teal turquoise aqua cyan
Teal / Cyan / Turquoise,Blue-Green Family,mint aqua,mint aqua coloration with a blue-green or cyan-leaning hue,teal turquoise aqua cyan
Teal / Cyan / Turquoise,Blue-Green Family,neon aqua,neon aqua coloration with a blue-green or cyan-leaning hue,teal turquoise aqua cyan
Blues,Blue Family,true blue,true blue coloration with a distinct blue-family hue,blue cool vivid pastel deep
Blues,Blue Family,primary blue,primary blue coloration with a distinct blue-family hue,blue cool vivid pastel deep
Blues,Blue Family,sky blue,sky blue coloration with a distinct blue-family hue,blue cool vivid pastel deep
Blues,Blue Family,baby blue,baby blue coloration with a distinct blue-family hue,blue cool vivid pastel deep
Blues,Blue Family,powder blue,powder blue coloration with a distinct blue-family hue,blue cool vivid pastel deep
Blues,Blue Family,ice blue,ice blue coloration with a distinct blue-family hue,blue cool vivid pastel deep
Blues,Blue Family,arctic blue,arctic blue coloration with a distinct blue-family hue,blue cool vivid pastel deep
Blues,Blue Family,cornflower blue,cornflower blue coloration with a distinct blue-family hue,blue cool vivid pastel deep
Blues,Blue Family,periwinkle blue,periwinkle blue coloration with a distinct blue-family hue,blue cool vivid pastel deep
Blues,Blue Family,cerulean,cerulean coloration with a distinct blue-family hue,blue cool vivid pastel deep
Blues,Blue Family,azure,azure coloration with a distinct blue-family hue,blue cool vivid pastel deep
Blues,Blue Family,cobalt blue,cobalt blue coloration with a distinct blue-family hue,blue cool vivid pastel deep
Blues,Blue Family,royal blue,royal blue coloration with a distinct blue-family hue,blue cool vivid pastel deep
Blues,Blue Family,sapphire blue,sapphire blue coloration with a distinct blue-family hue,blue cool vivid pastel deep
Blues,Blue Family,navy blue,navy blue coloration with a distinct blue-family hue,blue cool vivid pastel deep
Blues,Blue Family,midnight blue,midnight blue coloration with a distinct blue-family hue,blue cool vivid pastel deep
Blues,Blue Family,indigo blue,indigo blue coloration with a distinct blue-family hue,blue cool vivid pastel deep
Blues,Blue Family,denim blue,denim blue coloration with a distinct blue-family hue,blue cool vivid pastel deep
Blues,Blue Family,slate blue,slate blue coloration with a distinct blue-family hue,blue cool vivid pastel deep
Blues,Blue Family,steel blue,steel blue coloration with a distinct blue-family hue,blue cool vivid pastel deep
Blues,Blue Family,storm blue,storm blue coloration with a distinct blue-family hue,blue cool vivid pastel deep
Blues,Blue Family,ocean blue,ocean blue coloration with a distinct blue-family hue,blue cool vivid pastel deep
Blues,Blue Family,marine blue,marine blue coloration with a distinct blue-family hue,blue cool vivid pastel deep
Blues,Blue Family,petrol blue,petrol blue coloration with a distinct blue-family hue,blue cool vivid pastel deep
Blues,Blue Family,electric blue,electric blue coloration with a distinct blue-family hue,blue cool vivid pastel deep
Blues,Blue Family,neon blue,neon blue coloration with a distinct blue-family hue,blue cool vivid pastel deep
Blues,Blue Family,bright blue,bright blue coloration with a distinct blue-family hue,blue cool vivid pastel deep
Blues,Blue Family,deep blue,deep blue coloration with a distinct blue-family hue,blue cool vivid pastel deep
Blues,Blue Family,muted blue,muted blue coloration with a distinct blue-family hue,blue cool vivid pastel deep
Blues,Blue Family,dusty blue,dusty blue coloration with a distinct blue-family hue,blue cool vivid pastel deep
Purples / Violets,Purple Family,purple,purple coloration with a recognizable purple or violet hue,purple violet lavender plum
Purples / Violets,Purple Family,true purple,true purple coloration with a recognizable purple or violet hue,purple violet lavender plum
Purples / Violets,Purple Family,violet,violet coloration with a recognizable purple or violet hue,purple violet lavender plum
Purples / Violets,Purple Family,lavender,lavender coloration with a recognizable purple or violet hue,purple violet lavender plum
Purples / Violets,Purple Family,lilac,lilac coloration with a recognizable purple or violet hue,purple violet lavender plum
Purples / Violets,Purple Family,orchid,orchid coloration with a recognizable purple or violet hue,purple violet lavender plum
Purples / Violets,Purple Family,wisteria,wisteria coloration with a recognizable purple or violet hue,purple violet lavender plum
Purples / Violets,Purple Family,heather purple,heather purple coloration with a recognizable purple or violet hue,purple violet lavender plum
Purples / Violets,Purple Family,plum,plum coloration with a recognizable purple or violet hue,purple violet lavender plum
Purples / Violets,Purple Family,eggplant,eggplant coloration with a recognizable purple or violet hue,purple violet lavender plum
Purples / Violets,Purple Family,aubergine,aubergine coloration with a recognizable purple or violet hue,purple violet lavender plum
Purples / Violets,Purple Family,amethyst,amethyst coloration with a recognizable purple or violet hue,purple violet lavender plum
Purples / Violets,Purple Family,grape purple,grape purple coloration with a recognizable purple or violet hue,purple violet lavender plum
Purples / Violets,Purple Family,royal purple,royal purple coloration with a recognizable purple or violet hue,purple violet lavender plum
Purples / Violets,Purple Family,deep purple,deep purple coloration with a recognizable purple or violet hue,purple violet lavender plum
Purples / Violets,Purple Family,dark violet,dark violet coloration with a recognizable purple or violet hue,purple violet lavender plum
Purples / Violets,Purple Family,soft violet,soft violet coloration with a recognizable purple or violet hue,purple violet lavender plum
Purples / Violets,Purple Family,periwinkle,periwinkle coloration with a recognizable purple or violet hue,purple violet lavender plum
Purples / Violets,Purple Family,mauve,mauve coloration with a recognizable purple or violet hue,purple violet lavender plum
Purples / Violets,Purple Family,dusty mauve,dusty mauve coloration with a recognizable purple or violet hue,purple violet lavender plum
Purples / Violets,Purple Family,pastel lavender,pastel lavender coloration with a recognizable purple or violet hue,purple violet lavender plum
Purples / Violets,Purple Family,neon purple,neon purple coloration with a recognizable purple or violet hue,purple violet lavender plum
Purples / Violets,Purple Family,electric violet,electric violet coloration with a recognizable purple or violet hue,purple violet lavender plum
Pinks,Pink Family,pink,pink coloration with a recognizable pink-family hue,pink blush fuchsia magenta pastel neon
Pinks,Pink Family,baby pink,baby pink coloration with a recognizable pink-family hue,pink blush fuchsia magenta pastel neon
Pinks,Pink Family,blush pink,blush pink coloration with a recognizable pink-family hue,pink blush fuchsia magenta pastel neon
Pinks,Pink Family,ballet pink,ballet pink coloration with a recognizable pink-family hue,pink blush fuchsia magenta pastel neon
Pinks,Pink Family,rose pink,rose pink coloration with a recognizable pink-family hue,pink blush fuchsia magenta pastel neon
Pinks,Pink Family,dusty rose,dusty rose coloration with a recognizable pink-family hue,pink blush fuchsia magenta pastel neon
Pinks,Pink Family,mauve pink,mauve pink coloration with a recognizable pink-family hue,pink blush fuchsia magenta pastel neon
Pinks,Pink Family,petal pink,petal pink coloration with a recognizable pink-family hue,pink blush fuchsia magenta pastel neon
Pinks,Pink Family,shell pink,shell pink coloration with a recognizable pink-family hue,pink blush fuchsia magenta pastel neon
Pinks,Pink Family,bubblegum pink,bubblegum pink coloration with a recognizable pink-family hue,pink blush fuchsia magenta pastel neon
Pinks,Pink Family,cotton candy pink,cotton candy pink coloration with a recognizable pink-family hue,pink blush fuchsia magenta pastel neon
Pinks,Pink Family,barbie pink,barbie pink coloration with a recognizable pink-family hue,pink blush fuchsia magenta pastel neon
Pinks,Pink Family,hot pink,hot pink coloration with a recognizable pink-family hue,pink blush fuchsia magenta pastel neon
Pinks,Pink Family,fuchsia,fuchsia coloration with a recognizable pink-family hue,pink blush fuchsia magenta pastel neon
Pinks,Pink Family,magenta,magenta coloration with a recognizable pink-family hue,pink blush fuchsia magenta pastel neon
Pinks,Pink Family,raspberry pink,raspberry pink coloration with a recognizable pink-family hue,pink blush fuchsia magenta pastel neon
Pinks,Pink Family,watermelon pink,watermelon pink coloration with a recognizable pink-family hue,pink blush fuchsia magenta pastel neon
Pinks,Pink Family,salmon pink,salmon pink coloration with a recognizable pink-family hue,pink blush fuchsia magenta pastel neon
Pinks,Pink Family,neon pink,neon pink coloration with a recognizable pink-family hue,pink blush fuchsia magenta pastel neon
Pinks,Pink Family,pastel pink,pastel pink coloration with a recognizable pink-family hue,pink blush fuchsia magenta pastel neon
Pinks,Pink Family,nude pink,nude pink coloration with a recognizable pink-family hue,pink blush fuchsia magenta pastel neon
Pinks,Pink Family,soft pink,soft pink coloration with a recognizable pink-family hue,pink blush fuchsia magenta pastel neon
Pinks,Pink Family,bold pink,bold pink coloration with a recognizable pink-family hue,pink blush fuchsia magenta pastel neon
Earth Tones,Brown / Earth Family,brown,brown coloration with an earthy brown-toned hue,earth brown clay warm neutral
Earth Tones,Brown / Earth Family,light brown,light brown coloration with an earthy brown-toned hue,earth brown clay warm neutral
Earth Tones,Brown / Earth Family,medium brown,medium brown coloration with an earthy brown-toned hue,earth brown clay warm neutral
Earth Tones,Brown / Earth Family,dark brown,dark brown coloration with an earthy brown-toned hue,earth brown clay warm neutral
Earth Tones,Brown / Earth Family,rich brown,rich brown coloration with an earthy brown-toned hue,earth brown clay warm neutral
Earth Tones,Brown / Earth Family,chestnut brown,chestnut brown coloration with an earthy brown-toned hue,earth brown clay warm neutral
Earth Tones,Brown / Earth Family,mahogany,mahogany coloration with an earthy brown-toned hue,earth brown clay warm neutral
Earth Tones,Brown / Earth Family,cinnamon,cinnamon coloration with an earthy brown-toned hue,earth brown clay warm neutral
Earth Tones,Brown / Earth Family,caramel,caramel coloration with an earthy brown-toned hue,earth brown clay warm neutral
Earth Tones,Brown / Earth Family,toffee,toffee coloration with an earthy brown-toned hue,earth brown clay warm neutral
Earth Tones,Brown / Earth Family,hazelnut,hazelnut coloration with an earthy brown-toned hue,earth brown clay warm neutral
Earth Tones,Brown / Earth Family,cognac,cognac coloration with an earthy brown-toned hue,earth brown clay warm neutral
Earth Tones,Brown / Earth Family,whiskey brown,whiskey brown coloration with an earthy brown-toned hue,earth brown clay warm neutral
Earth Tones,Brown / Earth Family,saddle brown,saddle brown coloration with an earthy brown-toned hue,earth brown clay warm neutral
Earth Tones,Brown / Earth Family,tobacco brown,tobacco brown coloration with an earthy brown-toned hue,earth brown clay warm neutral
Earth Tones,Brown / Earth Family,rust brown,rust brown coloration with an earthy brown-toned hue,earth brown clay warm neutral
Earth Tones,Brown / Earth Family,earth brown,earth brown coloration with an earthy brown-toned hue,earth brown clay warm neutral
Earth Tones,Brown / Earth Family,clay brown,clay brown coloration with an earthy brown-toned hue,earth brown clay warm neutral
Earth Tones,Brown / Earth Family,terracotta brown,terracotta brown coloration with an earthy brown-toned hue,earth brown clay warm neutral
Earth Tones,Brown / Earth Family,reddish brown,reddish brown coloration with an earthy brown-toned hue,earth brown clay warm neutral
Earth Tones,Brown / Earth Family,cool brown,cool brown coloration with an earthy brown-toned hue,earth brown clay warm neutral
Earth Tones,Brown / Earth Family,taupe brown,taupe brown coloration with an earthy brown-toned hue,earth brown clay warm neutral
Metallics / Special Finishes,Metallic,silver,"silver finish with visible metallic, reflective, or luminous character",metallic reflective special finish
Metallics / Special Finishes,Metallic,bright silver,"bright silver finish with visible metallic, reflective, or luminous character",metallic reflective special finish
Metallics / Special Finishes,Metallic,brushed silver,"brushed silver finish with visible metallic, reflective, or luminous character",metallic reflective special finish
Metallics / Special Finishes,Metallic,antique silver,"antique silver finish with visible metallic, reflective, or luminous character",metallic reflective special finish
Metallics / Special Finishes,Metallic,bright gold,"bright gold finish with visible metallic, reflective, or luminous character",metallic reflective special finish
Metallics / Special Finishes,Metallic,yellow gold,"yellow gold finish with visible metallic, reflective, or luminous character",metallic reflective special finish
Metallics / Special Finishes,Metallic,white gold,"white gold finish with visible metallic, reflective, or luminous character",metallic reflective special finish
Metallics / Special Finishes,Metallic,rose gold,"rose gold finish with visible metallic, reflective, or luminous character",metallic reflective special finish
Metallics / Special Finishes,Metallic,champagne gold,"champagne gold finish with visible metallic, reflective, or luminous character",metallic reflective special finish
Metallics / Special Finishes,Metallic,bronze,"bronze finish with visible metallic, reflective, or luminous character",metallic reflective special finish
Metallics / Special Finishes,Metallic,copper,"copper finish with visible metallic, reflective, or luminous character",metallic reflective special finish
Metallics / Special Finishes,Metallic,brass,"brass finish with visible metallic, reflective, or luminous character",metallic reflective special finish
Metallics / Special Finishes,Metallic,platinum,"platinum finish with visible metallic, reflective, or luminous character",metallic reflective special finish
Metallics / Special Finishes,Metallic,chrome,"chrome finish with visible metallic, reflective, or luminous character",metallic reflective special finish
Metallics / Special Finishes,Metallic,metallic black,"metallic black finish with visible metallic, reflective, or luminous character",metallic reflective special finish
Metallics / Special Finishes,Metallic,metallic blue,"metallic blue finish with visible metallic, reflective, or luminous character",metallic reflective special finish
Metallics / Special Finishes,Metallic,metallic red,"metallic red finish with visible metallic, reflective, or luminous character",metallic reflective special finish
Metallics / Special Finishes,Metallic,metallic green,"metallic green finish with visible metallic, reflective, or luminous character",metallic reflective special finish
Metallics / Special Finishes,Metallic,pearlescent white,"pearlescent white finish with visible metallic, reflective, or luminous character",metallic reflective special finish
Metallics / Special Finishes,Metallic,iridescent pearl,"iridescent pearl finish with visible metallic, reflective, or luminous character",metallic reflective special finish
Metallics / Special Finishes,Metallic,opalescent,"opalescent finish with visible metallic, reflective, or luminous character",metallic reflective special finish
Gemstone-Inspired,Gem Tones,ruby,"ruby gemstone-inspired hue with rich, luxurious color character",gem jewel tone luxury
Gemstone-Inspired,Gem Tones,sapphire,"sapphire gemstone-inspired hue with rich, luxurious color character",gem jewel tone luxury
Gemstone-Inspired,Gem Tones,emerald,"emerald gemstone-inspired hue with rich, luxurious color character",gem jewel tone luxury
Gemstone-Inspired,Gem Tones,topaz,"topaz gemstone-inspired hue with rich, luxurious color character",gem jewel tone luxury
Gemstone-Inspired,Gem Tones,citrine,"citrine gemstone-inspired hue with rich, luxurious color character",gem jewel tone luxury
Gemstone-Inspired,Gem Tones,opal,"opal gemstone-inspired hue with rich, luxurious color character",gem jewel tone luxury
Gemstone-Inspired,Gem Tones,pearl,"pearl gemstone-inspired hue with rich, luxurious color character",gem jewel tone luxury
Gemstone-Inspired,Gem Tones,jade,"jade gemstone-inspired hue with rich, luxurious color character",gem jewel tone luxury
Gemstone-Inspired,Gem Tones,turquoise gemstone,"turquoise gemstone gemstone-inspired hue with rich, luxurious color character",gem jewel tone luxury
Gemstone-Inspired,Gem Tones,aquamarine,"aquamarine gemstone-inspired hue with rich, luxurious color character",gem jewel tone luxury
Gemstone-Inspired,Gem Tones,morganite,"morganite gemstone-inspired hue with rich, luxurious color character",gem jewel tone luxury
Gemstone-Inspired,Gem Tones,moonstone,"moonstone gemstone-inspired hue with rich, luxurious color character",gem jewel tone luxury
Color Modifiers,Finish / Tone Modifier,pastel,pastel color treatment with clearly readable tonal character or surface effect,modifier finish tone style
Color Modifiers,Finish / Tone Modifier,muted,muted color treatment with clearly readable tonal character or surface effect,modifier finish tone style
Color Modifiers,Finish / Tone Modifier,dusty,dusty color treatment with clearly readable tonal character or surface effect,modifier finish tone style
Color Modifiers,Finish / Tone Modifier,washed,washed color treatment with clearly readable tonal character or surface effect,modifier finish tone style
Color Modifiers,Finish / Tone Modifier,faded,faded color treatment with clearly readable tonal character or surface effect,modifier finish tone style
Color Modifiers,Finish / Tone Modifier,soft,soft color treatment with clearly readable tonal character or surface effect,modifier finish tone style
Color Modifiers,Finish / Tone Modifier,bold,bold color treatment with clearly readable tonal character or surface effect,modifier finish tone style
Color Modifiers,Finish / Tone Modifier,vivid,vivid color treatment with clearly readable tonal character or surface effect,modifier finish tone style
Color Modifiers,Finish / Tone Modifier,saturated,saturated color treatment with clearly readable tonal character or surface effect,modifier finish tone style
Color Modifiers,Finish / Tone Modifier,desaturated,desaturated color treatment with clearly readable tonal character or surface effect,modifier finish tone style
Color Modifiers,Finish / Tone Modifier,deep,deep color treatment with clearly readable tonal character or surface effect,modifier finish tone style
Color Modifiers,Finish / Tone Modifier,dark,dark color treatment with clearly readable tonal character or surface effect,modifier finish tone style
Color Modifiers,Finish / Tone Modifier,light,light color treatment with clearly readable tonal character or surface effect,modifier finish tone style
Color Modifiers,Finish / Tone Modifier,bright,bright color treatment with clearly readable tonal character or surface effect,modifier finish tone style
Color Modifiers,Finish / Tone Modifier,neon,neon color treatment with clearly readable tonal character or surface effect,modifier finish tone style
Color Modifiers,Finish / Tone Modifier,fluorescent,fluorescent color treatment with clearly readable tonal character or surface effect,modifier finish tone style
Color Modifiers,Finish / Tone Modifier,earthy,earthy color treatment with clearly readable tonal character or surface effect,modifier finish tone style
Color Modifiers,Finish / Tone Modifier,smoky,smoky color treatment with clearly readable tonal character or surface effect,modifier finish tone style
Color Modifiers,Finish / Tone Modifier,cool-toned,cool-toned color treatment with clearly readable tonal character or surface effect,modifier finish tone style
Color Modifiers,Finish / Tone Modifier,warm-toned,warm-toned color treatment with clearly readable tonal character or surface effect,modifier finish tone style
Color Modifiers,Finish / Tone Modifier,neutral-toned,neutral-toned color treatment with clearly readable tonal character or surface effect,modifier finish tone style
Color Modifiers,Finish / Tone Modifier,high-contrast,high-contrast color treatment with clearly readable tonal character or surface effect,modifier finish tone style
Color Modifiers,Finish / Tone Modifier,low-contrast,low-contrast color treatment with clearly readable tonal character or surface effect,modifier finish tone style
Color Modifiers,Finish / Tone Modifier,monochrome,monochrome color treatment with clearly readable tonal character or surface effect,modifier finish tone style
Color Modifiers,Finish / Tone Modifier,two-tone,two-tone color treatment with clearly readable tonal character or surface effect,modifier finish tone style
Color Modifiers,Finish / Tone Modifier,ombre,ombre color treatment with clearly readable tonal character or surface effect,modifier finish tone style
Color Modifiers,Finish / Tone Modifier,gradient,gradient color treatment with clearly readable tonal character or surface effect,modifier finish tone style
Color Modifiers,Finish / Tone Modifier,color-blocked,color-blocked color treatment with clearly readable tonal character or surface effect,modifier finish tone style
Color Modifiers,Finish / Tone Modifier,heathered,heathered color treatment with clearly readable tonal character or surface effect,modifier finish tone style
Color Modifiers,Finish / Tone Modifier,marl,marl color treatment with clearly readable tonal character or surface effect,modifier finish tone style
Color Modifiers,Finish / Tone Modifier,speckled,speckled color treatment with clearly readable tonal character or surface effect,modifier finish tone style
Color Modifiers,Finish / Tone Modifier,marbled,marbled color treatment with clearly readable tonal character or surface effect,modifier finish tone style
Color Modifiers,Finish / Tone Modifier,iridescent,iridescent color treatment with clearly readable tonal character or surface effect,modifier finish tone style
Color Modifiers,Finish / Tone Modifier,holographic,holographic color treatment with clearly readable tonal character or surface effect,modifier finish tone style
Color Palettes,Color Combinations,white and gold,white-and-gold color combination with clean high-contrast light-to-metallic pairing,palette combination multi-color
Color Palettes,Color Combinations,black and gold,black-and-gold color combination with rich contrast and luxury styling,palette combination multi-color
Color Palettes,Color Combinations,black and red,black-and-red color combination with strong dramatic contrast,palette combination multi-color
Color Palettes,Color Combinations,navy and white,navy-and-white color combination with crisp classic contrast,palette combination multi-color
Color Palettes,Color Combinations,pink and white,pink-and-white color combination with soft bright contrast,palette combination multi-color
Color Palettes,Color Combinations,cream and beige,cream-and-beige palette with soft tonal variation and low-contrast warmth,palette combination multi-color
Color Palettes,Color Combinations,burgundy and black,burgundy-and-black palette with deep moody contrast,palette combination multi-color
Color Palettes,Color Combinations,olive and tan,olive-and-tan palette with earthy muted color harmony,palette combination multi-color
Color Palettes,Color Combinations,blue and silver,blue-and-silver palette with cool polished contrast,palette combination multi-color
Color Palettes,Color Combinations,red white and blue,"red, white, and blue palette with strong patriotic high-contrast balance",palette combination multi-color
Color Palettes,Color Combinations,monochrome beige palette,monochrome beige palette with tonal layering across soft neutrals,palette combination multi-color
Color Palettes,Color Combinations,all-white palette,all-white palette with tonal texture variation but consistent hue identity,palette combination multi-color
Color Palettes,Color Combinations,all-black palette,all-black palette with tonal texture variation and deep low-key styling,palette combination multi-color
